{
  "60mm/81mm/107mm (Unsung)" : -0.00006,
  "155mm/105mm/M-110/M-107 (Unsung)" : -0.00006,
  "M777" : -0.00006,
  "M252" : -0.0001,
  "M2 60mm (PF)" : -0.00006,
  "M29 81mm (PF)" : -0.00006,
  "M101 105mm (PF)" : -0.00006,
  "Type 63 60mm (PF)" : -0.00006,
  "H12 Rocket Launcher (PF)" : -0.00006,
  "M6 Mortar (3CB)": -0.0001,
  "L16 (3CB)" : -0.0001,
  "2S3M1 (RHS)" : -0.00006,
  "2S1/D-30A" : -0.00006,
  "2B14-1 Podnos" : -0.00006,
  "M224 (ACE)": -0.00006,
  "M270 MLRS": -0.00006,
  "MK45 Hammer": -0.00006,
  "M109A6 Paladin": -0.00006,
  "MLRS (M983 Tractor)": -0.00006,
  "Type 97 (WW2)" : -0.00006,
  "M2 60mm (WW2)" : -0.00006,
  "RM-38 (50mm)" : -0.0001,
  "Commando Mortar (60mm)" : -0.00006,
  "Twin Mortar (120mm)" : -0.00006,
  "M119A2 (RHS)" : -0.00006,
  "M109A6 Paladin (ITC)" : -0.00006,
  "MK45 Hammer (ITC)" : -0.00006
}